"Parameter","Mean","2.5%","50%","97.5%","MAP"
"r_DieMets",0.0461559263322089,0.0364937362736768,0.045870026267616,0.0574753664738216,0.0461186383608349
"r_RecurCDX2pos",0.00407027040210165,0.00279537856229825,0.00406497680855401,0.00543364021256987,0.00401710670410019
"hr_RecurCDX2neg",3.09637514373489,2.05634833054068,3.03985150764284,4.40697654443273,2.94474564523026
"p_Mets",0.962466873289542,0.90913007714481,0.968228537031462,0.989907429339057,0.980051460370577
