"Parameter","Mean","2.5%","50%","97.5%","MAP"
"r_DieMets",0.0462947413221116,0.0364568688219825,0.0460645916783156,0.0576410388452819,0.0460277014082121
"r_RecurCDX2pos",0.00402562284288586,0.00279048155069908,0.00402027476073816,0.00530782350329321,0.00410204198213205
"hr_RecurCDX2neg",3.08568570580958,2.04816140602694,3.00203577825009,4.59950804821426,2.83222474494019
"p_Mets",0.962636995007415,0.901406090615088,0.96864605604408,0.989634592645774,0.979260518869431
