"","Strategy","Cost","Effect","Inc_Cost","Inc_Effect","ICER","Status"
"1","No CDX2 testing and no FOLFOX",89796.6045835026,6.83841934972786,NA,NA,NA,"ND"
"2","CDX2 testing and FOLFOX if CDX2-negative",89991.0562280759,6.87397764544262,194.451644573317,0.0355582957147575,5468.53106046404,"ND"
