"","Strategy","Cost","Effect","Inc_Cost","Inc_Effect","ICER","Status"
"1","No CDX2 testing and no FOLFOX",85486.5775186777,7.18018187589054,NA,NA,NA,"ND"
"2","CDX2 testing and FOLFOX if CDX2-negative",85630.3464498482,7.21956092602576,143.768931170474,0.0393790501352207,3650.89890885629,"ND"
