"","Strategy","Cost","Effect","Inc_Cost","Inc_Effect","ICER","Status"
"1","No CDX2 testing and no FOLFOX",90102.0682935315,6.80722096887729,NA,NA,NA,"ND"
"2","CDX2 testing and FOLFOX if CDX2-negative",90293.7622943491,6.84029866999183,191.694000817544,0.0330777011145367,5795.26370813298,"ND"
