"","Strategy","Cost","Effect","Inc_Cost","Inc_Effect","ICER","Status"
"1","No CDX2 testing and no FOLFOX",89778.9465294115,6.59871903732231,NA,NA,NA,"ND"
"2","CDX2 testing and FOLFOX if CDX2-negative",89975.1432213599,6.63070032342611,196.196691948426,0.0319812861037949,6134.73427277663,"ND"
